debugI9B8YR:debug92ZRQI,initialized,0,,1604949228064
debugI9B8YR:debug92ZRQI,window_resize,0,"[1024, 687]",1604949228064
debugGR7SUW:debugZ05PEB,initialized,0,,1604950823280
debugGR7SUW:debugZ05PEB,window_resize,0,"[1024, 687]",1604950823280
debug8NCII3:debugUAW5XP,initialized,0,,1604951035571
debug8NCII3:debugUAW5XP,window_resize,0,"[1024, 687]",1604951035571
debugRIQBM7:debugFXEQPY,initialized,0,,1604951318226
debugRIQBM7:debugFXEQPY,window_resize,0,"[1024, 687]",1604951318226
debugO51NDW:debug663H65,initialized,0,,1604951792111
debugO51NDW:debug663H65,window_resize,0,"[1024, 687]",1604951792111
debugLSUH2W:debugNWPGX8,initialized,0,,1604952275587
debugLSUH2W:debugNWPGX8,window_resize,0,"[1024, 687]",1604952275587
debug62IAAT:debugXB1WWM,initialized,0,,1604952304509
debug62IAAT:debugXB1WWM,window_resize,0,"[1024, 687]",1604952304509
debugZ196EV:debugADGGGA,initialized,0,,1604952673741
debugZ196EV:debugADGGGA,window_resize,0,"[1024, 687]",1604952673741
debugEBR7DX:debugYB53MZ,initialized,0,,1604952955644
debugEBR7DX:debugYB53MZ,window_resize,0,"[1024, 687]",1604952955644
debug0Z6FRC:debug7ZBSAZ,initialized,0,,1604953576728
debug0Z6FRC:debug7ZBSAZ,window_resize,0,"[1024, 687]",1604953576728
debug3P21HH:debug96RFCJ,initialized,0,,1604953869180
debug3P21HH:debug96RFCJ,window_resize,0,"[1024, 687]",1604953869180
debugNS5ESJ:debug3KAD4P,initialized,0,,1605052993897
debugNS5ESJ:debug3KAD4P,window_resize,0,"[1024, 687]",1605052993897
debug59I1VM:debugUVUGZM,initialized,0,,1605053540303
debug59I1VM:debugUVUGZM,window_resize,0,"[1024, 687]",1605053540303
debugT6V3HJ:debugWUZL5M,initialized,0,,1605290572003
debugT6V3HJ:debugWUZL5M,window_resize,0,"[1024, 687]",1605290572003
debug0IK9YS:debugD6YZFC,initialized,0,,1605291474556
debug0IK9YS:debugD6YZFC,window_resize,0,"[1024, 687]",1605291474556
debug59J2MR:debugYSADKX,initialized,0,,1605292233865
debug59J2MR:debugYSADKX,window_resize,0,"[1024, 687]",1605292233865
debug2G4DRB:debugICA6US,initialized,0,,1605294136452
debug2G4DRB:debugICA6US,window_resize,0,"[1024, 687]",1605294136452
debugDDQFPH:debug5YWPRZ,initialized,0,,1605294620824
debugDDQFPH:debug5YWPRZ,window_resize,1,"[1024, 687]",1605294620825
debugY8FWS8:debugEC8DV9,initialized,0,,1605295322186
debugY8FWS8:debugEC8DV9,window_resize,0,"[1024, 687]",1605295322186
debugHCCUDB:debugFG8KTA,initialized,0,,1605296023693
debugHCCUDB:debugFG8KTA,window_resize,0,"[1024, 687]",1605296023693
debugHLE0XY:debug2QXYR3,initialized,0,,1605296792039
debugHLE0XY:debug2QXYR3,window_resize,0,"[1024, 687]",1605296792039
debugA2415U:debugIHWR3T,initialized,0,,1605297161757
debugA2415U:debugIHWR3T,window_resize,0,"[1024, 687]",1605297161757
debugIDRLAQ:debugJ82OK9,initialized,0,,1605299836355
debugIDRLAQ:debugJ82OK9,window_resize,0,"[1024, 687]",1605299836355
debug30P5XK:debugK5SI4Q,initialized,0,,1605300712659
debug30P5XK:debugK5SI4Q,window_resize,1,"[1024, 687]",1605300712660
debug8K6DSR:debugWC0WOL,initialized,0,,1605301975433
debug8K6DSR:debugWC0WOL,window_resize,0,"[1024, 687]",1605301975433
debugLTNYKH:debugQRWREX,initialized,0,,1605303584534
debugLTNYKH:debugQRWREX,window_resize,0,"[1024, 687]",1605303584534
debug08ZW3G:debugVE76RE,initialized,0,,1605303653492
debug08ZW3G:debugVE76RE,window_resize,1,"[1024, 687]",1605303653493
debug2XLOUS:debug43C3CS,initialized,0,,1605303917585
debug2XLOUS:debug43C3CS,window_resize,0,"[1024, 687]",1605303917585
debug6RC9OR:debugKJQRX6,initialized,0,,1605304374513
debug6RC9OR:debugKJQRX6,window_resize,0,"[1024, 687]",1605304374513
debug9D5JTC:debug1L8V63,initialized,0,,1605305087796
debug9D5JTC:debug1L8V63,window_resize,0,"[1024, 687]",1605305087796
debug019X2V:debugLSEONV,initialized,0,,1605305885387
debug019X2V:debugLSEONV,window_resize,0,"[1024, 687]",1605305885387
debugUDWQTD:debugKRATYZ,initialized,0,,1605306209245
debugUDWQTD:debugKRATYZ,window_resize,0,"[1024, 687]",1605306209245
