debugI9B8YR:debug92ZRQI,0,1604949228256,"{""phase"": ""INSTRUCTIONS"", ""templates"": [""instruct-1.html""], ""action"": ""Begin""}"
debugI9B8YR:debug92ZRQI,1,1604949230328,"{""phase"": ""INSTRUCTIONS"", ""indexOf"": 0, ""viewTime"": 2068, ""action"": ""FinishInstructions"", ""template"": ""instruct-1.html""}"
debugI9B8YR:debug92ZRQI,2,1604949230342,"{""phase"": ""demoquestionnaire"", ""status"": ""begin""}"
debugI9B8YR:debug92ZRQI,3,1604949237555,"{""phase"": ""demoquestionnaire"", ""status"": ""submit""}"
debugI9B8YR:debug92ZRQI,4,1604949237631,"{""phase"": ""vidcheck"", ""status"": ""begin""}"
debugI9B8YR:debug92ZRQI,5,1604949243847,"{""phase"": ""vidcheck"", ""status"": ""play/pause clicked: 0""}"
debugI9B8YR:debug92ZRQI,6,1604949254408,"{""phase"": ""vidcheck"", ""status"": ""video ended""}"
debugI9B8YR:debug92ZRQI,7,1604949259577,"{""phase"": ""vidcheck"", ""status"": ""restart clicked: 0""}"
debugI9B8YR:debug92ZRQI,8,1604949270174,"{""phase"": ""vidcheck"", ""status"": ""video ended""}"
debugI9B8YR:debug92ZRQI,9,1604949304973,"{""phase"": ""vidcheck"", ""status"": ""submit""}"
debugI9B8YR:debug92ZRQI,10,1604949304982,"{""phase"": ""intro_video"", ""status"": ""begin""}"
debugI9B8YR:debug92ZRQI,11,1604949320631,"{""phase"": ""intro_video"", ""status"": ""play/pause clicked: 0""}"
debugI9B8YR:debug92ZRQI,12,1604949329640,"{""phase"": ""intro_video"", ""status"": ""play/pause clicked: 1""}"
debugI9B8YR:debug92ZRQI,13,1604949332779,"{""phase"": ""intro_video"", ""status"": ""play/pause clicked: 2""}"
debugI9B8YR:debug92ZRQI,14,1604949378494,"{""phase"": ""intro_video"", ""status"": ""video ended""}"
debugI9B8YR:debug92ZRQI,15,1604949385645,"{""phase"": ""intro_video"", ""status"": ""submit""}"
debugI9B8YR:debug92ZRQI,16,1604949385651,"{""phase"": ""pretest"", ""status"": ""begin""}"
debugI9B8YR:debug92ZRQI,17,1604949435454,"{""phase"": ""pretest"", ""status"": ""submit""}"
debugI9B8YR:debug92ZRQI,18,1604949435463,"{""phase"": ""command_video"", ""status"": ""begin""}"
debugI9B8YR:debug92ZRQI,19,1604949438005,"{""phase"": ""command_video"", ""status"": ""restart clicked: 0""}"
debugI9B8YR:debug92ZRQI,20,1604949460537,"{""phase"": ""command_video"", ""status"": ""video ended""}"
debugI9B8YR:debug92ZRQI,21,1604949466456,"{""phase"": ""command_video"", ""status"": ""submit""}"
debugI9B8YR:debug92ZRQI,22,1604949466463,"{""phase"": ""response_video"", ""status"": ""begin""}"
debugI9B8YR:debug92ZRQI,23,1604949470874,"{""phase"": ""response_video"", ""status"": ""restart clicked: 0""}"
debugI9B8YR:debug92ZRQI,24,1604949481047,"{""phase"": ""response_video"", ""status"": ""video ended""}"
debugI9B8YR:debug92ZRQI,25,1604949482749,"{""phase"": ""response_video"", ""status"": ""submit""}"
debugI9B8YR:debug92ZRQI,26,1604949482754,"{""phase"": ""questions"", ""status"": ""begin""}"
debugI9B8YR:debug92ZRQI,27,1604949527042,"{""phase"": ""questions_/static/videos/response/question/toward_shrug"", ""status"": ""submit""}"
debugI9B8YR:debug92ZRQI,28,1604949527052,"{""phase"": ""response_video"", ""status"": ""begin""}"
debugI9B8YR:debug92ZRQI,29,1604949529086,"{""phase"": ""response_video"", ""status"": ""restart clicked: 0""}"
debugI9B8YR:debug92ZRQI,30,1604949539343,"{""phase"": ""response_video"", ""status"": ""video ended""}"
debugI9B8YR:debug92ZRQI,31,1604949548521,"{""phase"": ""response_video"", ""status"": ""submit""}"
debugI9B8YR:debug92ZRQI,32,1604949548527,"{""phase"": ""questions"", ""status"": ""begin""}"
debugI9B8YR:debug92ZRQI,33,1604949583438,"{""phase"": ""questions_/static/videos/response/question/toward_hips"", ""status"": ""submit""}"
debugI9B8YR:debug92ZRQI,34,1604949583453,"{""phase"": ""response_video"", ""status"": ""begin""}"
debugI9B8YR:debug92ZRQI,35,1604949585450,"{""phase"": ""response_video"", ""status"": ""restart clicked: 0""}"
debugI9B8YR:debug92ZRQI,36,1604949595738,"{""phase"": ""response_video"", ""status"": ""video ended""}"
debugI9B8YR:debug92ZRQI,37,1604949599055,"{""phase"": ""response_video"", ""status"": ""submit""}"
debugI9B8YR:debug92ZRQI,38,1604949599060,"{""phase"": ""questions"", ""status"": ""begin""}"
debugI9B8YR:debug92ZRQI,39,1604949632306,"{""phase"": ""questions_/static/videos/response/question/away_shrug"", ""status"": ""submit""}"
debugI9B8YR:debug92ZRQI,40,1604949632318,"{""phase"": ""response_video"", ""status"": ""begin""}"
debugI9B8YR:debug92ZRQI,41,1604949634559,"{""phase"": ""response_video"", ""status"": ""restart clicked: 0""}"
debugI9B8YR:debug92ZRQI,42,1604949645605,"{""phase"": ""response_video"", ""status"": ""video ended""}"
debugI9B8YR:debug92ZRQI,43,1604949652589,"{""phase"": ""response_video"", ""status"": ""submit""}"
debugI9B8YR:debug92ZRQI,44,1604949652596,"{""phase"": ""questions"", ""status"": ""begin""}"
debugI9B8YR:debug92ZRQI,45,1604949690746,"{""phase"": ""questions_/static/videos/response/question/away_hips"", ""status"": ""submit""}"
debugI9B8YR:debug92ZRQI,46,1604949690764,"{""phase"": ""checkquestion"", ""status"": ""begin""}"
debugI9B8YR:debug92ZRQI,47,1604949698487,"{""phase"": ""checkquestion"", ""status"": ""submit""}"
debugGR7SUW:debugZ05PEB,0,1604950823389,"{""action"": ""Begin"", ""phase"": ""INSTRUCTIONS"", ""templates"": [""instruct-1.html""]}"
debugGR7SUW:debugZ05PEB,1,1604950824981,"{""action"": ""FinishInstructions"", ""indexOf"": 0, ""viewTime"": 1589, ""phase"": ""INSTRUCTIONS"", ""template"": ""instruct-1.html""}"
debugGR7SUW:debugZ05PEB,2,1604950824996,"{""phase"": ""demoquestionnaire"", ""status"": ""begin""}"
debugGR7SUW:debugZ05PEB,3,1604950830655,"{""phase"": ""demoquestionnaire"", ""status"": ""submit""}"
debugGR7SUW:debugZ05PEB,4,1604950830667,"{""phase"": ""vidcheck"", ""status"": ""begin""}"
debugGR7SUW:debugZ05PEB,5,1604950833512,"{""phase"": ""vidcheck"", ""status"": ""restart clicked: 0""}"
debugGR7SUW:debugZ05PEB,6,1604950844094,"{""phase"": ""vidcheck"", ""status"": ""video ended""}"
debugGR7SUW:debugZ05PEB,7,1604950849806,"{""phase"": ""vidcheck"", ""status"": ""restart clicked: 1""}"
debugGR7SUW:debugZ05PEB,8,1604950860418,"{""phase"": ""vidcheck"", ""status"": ""video ended""}"
debugGR7SUW:debugZ05PEB,9,1604950883138,"{""phase"": ""vidcheck"", ""status"": ""submit""}"
debugGR7SUW:debugZ05PEB,10,1604950888700,"{""phase"": ""intro_video"", ""status"": ""submit""}"
debugGR7SUW:debugZ05PEB,11,1604950892494,"{""phase"": ""intro_video"", ""status"": ""submit""}"
debugGR7SUW:debugZ05PEB,12,1604950892642,"{""phase"": ""intro_video"", ""status"": ""submit""}"
debugGR7SUW:debugZ05PEB,13,1604950909907,"{""phase"": ""intro_video"", ""status"": ""submit""}"
debugGR7SUW:debugZ05PEB,14,1604950910060,"{""phase"": ""intro_video"", ""status"": ""submit""}"
debugGR7SUW:debugZ05PEB,15,1604950910229,"{""phase"": ""intro_video"", ""status"": ""submit""}"
debugGR7SUW:debugZ05PEB,16,1604950910366,"{""phase"": ""intro_video"", ""status"": ""submit""}"
debugGR7SUW:debugZ05PEB,17,1604950910501,"{""phase"": ""intro_video"", ""status"": ""submit""}"
debugGR7SUW:debugZ05PEB,18,1604950917488,"{""phase"": ""INSTRUCTIONS"", ""templates"": [""instruct-1.html""], ""action"": ""Begin""}"
debugGR7SUW:debugZ05PEB,19,1604950919167,"{""phase"": ""INSTRUCTIONS"", ""indexOf"": 0, ""viewTime"": 1677, ""action"": ""FinishInstructions"", ""template"": ""instruct-1.html""}"
debugGR7SUW:debugZ05PEB,20,1604950919176,"{""phase"": ""demoquestionnaire"", ""status"": ""begin""}"
debugGR7SUW:debugZ05PEB,21,1604950925560,"{""phase"": ""demoquestionnaire"", ""status"": ""submit""}"
debugGR7SUW:debugZ05PEB,22,1604950925570,"{""phase"": ""vidcheck"", ""status"": ""begin""}"
debugGR7SUW:debugZ05PEB,23,1604950932199,"{""phase"": ""vidcheck"", ""status"": ""restart clicked: 0""}"
debugGR7SUW:debugZ05PEB,24,1604950942765,"{""phase"": ""vidcheck"", ""status"": ""video ended""}"
debugGR7SUW:debugZ05PEB,25,1604950944434,"{""phase"": ""vidcheck"", ""status"": ""submit""}"
debug8NCII3:debugUAW5XP,0,1604951035690,"{""phase"": ""INSTRUCTIONS"", ""templates"": [""instruct-1.html""], ""action"": ""Begin""}"
debug8NCII3:debugUAW5XP,1,1604951036851,"{""phase"": ""INSTRUCTIONS"", ""indexOf"": 0, ""viewTime"": 1158, ""action"": ""FinishInstructions"", ""template"": ""instruct-1.html""}"
debug8NCII3:debugUAW5XP,2,1604951036862,"{""phase"": ""demoquestionnaire"", ""status"": ""begin""}"
debug8NCII3:debugUAW5XP,3,1604951041512,"{""phase"": ""demoquestionnaire"", ""status"": ""submit""}"
debug8NCII3:debugUAW5XP,4,1604951041526,"{""phase"": ""vidcheck"", ""status"": ""begin""}"
debug8NCII3:debugUAW5XP,5,1604951043451,"{""phase"": ""vidcheck"", ""status"": ""restart clicked: 0""}"
debug8NCII3:debugUAW5XP,6,1604951054011,"{""phase"": ""vidcheck"", ""status"": ""video ended""}"
debug8NCII3:debugUAW5XP,7,1604951056799,"{""phase"": ""vidcheck"", ""status"": ""submit""}"
debugRIQBM7:debugFXEQPY,0,1604951318342,"{""phase"": ""INSTRUCTIONS"", ""templates"": [""instruct-1.html""], ""action"": ""Begin""}"
debugRIQBM7:debugFXEQPY,1,1604951319882,"{""phase"": ""INSTRUCTIONS"", ""indexOf"": 0, ""viewTime"": 1536, ""action"": ""FinishInstructions"", ""template"": ""instruct-1.html""}"
debugRIQBM7:debugFXEQPY,2,1604951319891,"{""phase"": ""demoquestionnaire"", ""status"": ""begin""}"
debugRIQBM7:debugFXEQPY,3,1604951324791,"{""phase"": ""demoquestionnaire"", ""status"": ""submit""}"
debugRIQBM7:debugFXEQPY,4,1604951324800,"{""phase"": ""vidcheck"", ""status"": ""begin""}"
debugRIQBM7:debugFXEQPY,5,1604951327673,"{""phase"": ""vidcheck"", ""status"": ""restart clicked: 0""}"
debugRIQBM7:debugFXEQPY,6,1604951338238,"{""phase"": ""vidcheck"", ""status"": ""video ended""}"
debugRIQBM7:debugFXEQPY,7,1604951339176,"{""phase"": ""vidcheck"", ""status"": ""submit""}"
debugO51NDW:debug663H65,0,1604951792215,"{""phase"": ""INSTRUCTIONS"", ""templates"": [""instruct-1.html""], ""action"": ""Begin""}"
debugO51NDW:debug663H65,1,1604951794097,"{""phase"": ""INSTRUCTIONS"", ""indexOf"": 0, ""viewTime"": 1878, ""action"": ""FinishInstructions"", ""template"": ""instruct-1.html""}"
debugO51NDW:debug663H65,2,1604951794111,"{""phase"": ""demoquestionnaire"", ""status"": ""begin""}"
debugO51NDW:debug663H65,3,1604951798752,"{""phase"": ""demoquestionnaire"", ""status"": ""submit""}"
debugO51NDW:debug663H65,4,1604951798764,"{""phase"": ""vidcheck"", ""status"": ""begin""}"
debugO51NDW:debug663H65,5,1604951800524,"{""phase"": ""vidcheck"", ""status"": ""play/pause clicked: 0""}"
debugO51NDW:debug663H65,6,1604951811081,"{""phase"": ""vidcheck"", ""status"": ""video ended""}"
debugO51NDW:debug663H65,7,1604951811925,"{""phase"": ""vidcheck"", ""status"": ""submit""}"
debugLSUH2W:debugNWPGX8,0,1604952275689,"{""phase"": ""INSTRUCTIONS"", ""templates"": [""instruct-1.html""], ""action"": ""Begin""}"
debugLSUH2W:debugNWPGX8,1,1604952277239,"{""phase"": ""INSTRUCTIONS"", ""indexOf"": 0, ""viewTime"": 1547, ""action"": ""FinishInstructions"", ""template"": ""instruct-1.html""}"
debug62IAAT:debugXB1WWM,0,1604952304616,"{""phase"": ""INSTRUCTIONS"", ""templates"": [""instruct-1.html""], ""action"": ""Begin""}"
debug62IAAT:debugXB1WWM,1,1604952306113,"{""phase"": ""INSTRUCTIONS"", ""indexOf"": 0, ""viewTime"": 1493, ""action"": ""FinishInstructions"", ""template"": ""instruct-1.html""}"
debug62IAAT:debugXB1WWM,2,1604952306124,"{""phase"": ""demoquestionnaire"", ""status"": ""begin""}"
debug62IAAT:debugXB1WWM,3,1604952314528,"{""phase"": ""demoquestionnaire"", ""status"": ""submit""}"
debug62IAAT:debugXB1WWM,4,1604952314538,"{""phase"": ""vidcheck"", ""status"": ""begin""}"
debug62IAAT:debugXB1WWM,5,1604952317124,"{""phase"": ""vidcheck"", ""status"": ""restart clicked: 0""}"
debug62IAAT:debugXB1WWM,6,1604952327702,"{""phase"": ""vidcheck"", ""status"": ""video ended""}"
debug62IAAT:debugXB1WWM,7,1604952328573,"{""phase"": ""vidcheck"", ""status"": ""submit""}"
debugZ196EV:debugADGGGA,0,1604952673843,"{""phase"": ""INSTRUCTIONS"", ""templates"": [""instruct-1.html""], ""action"": ""Begin""}"
debugZ196EV:debugADGGGA,1,1604952675215,"{""phase"": ""INSTRUCTIONS"", ""indexOf"": 0, ""viewTime"": 1369, ""action"": ""FinishInstructions"", ""template"": ""instruct-1.html""}"
debugZ196EV:debugADGGGA,2,1604952675226,"{""phase"": ""demoquestionnaire"", ""status"": ""begin""}"
debugZ196EV:debugADGGGA,3,1604952680745,"{""phase"": ""demoquestionnaire"", ""status"": ""submit""}"
debugZ196EV:debugADGGGA,4,1604952680753,"{""phase"": ""vidcheck"", ""status"": ""begin""}"
debugZ196EV:debugADGGGA,5,1604952683085,"{""phase"": ""vidcheck"", ""status"": ""restart clicked: 0""}"
debugZ196EV:debugADGGGA,6,1604952693653,"{""phase"": ""vidcheck"", ""status"": ""video ended""}"
debugZ196EV:debugADGGGA,7,1604952695243,"{""phase"": ""vidcheck"", ""status"": ""submit""}"
debugEBR7DX:debugYB53MZ,0,1604952955751,"{""phase"": ""INSTRUCTIONS"", ""templates"": [""instruct-1.html""], ""action"": ""Begin""}"
debugEBR7DX:debugYB53MZ,1,1604952957308,"{""phase"": ""INSTRUCTIONS"", ""indexOf"": 0, ""viewTime"": 1554, ""action"": ""FinishInstructions"", ""template"": ""instruct-1.html""}"
debugEBR7DX:debugYB53MZ,2,1604952957317,"{""phase"": ""demoquestionnaire"", ""status"": ""begin""}"
debugEBR7DX:debugYB53MZ,3,1604952963730,"{""phase"": ""demoquestionnaire"", ""status"": ""submit""}"
debugEBR7DX:debugYB53MZ,4,1604952963741,"{""phase"": ""vidcheck"", ""status"": ""begin""}"
debugEBR7DX:debugYB53MZ,5,1604952966180,"{""phase"": ""vidcheck"", ""status"": ""play/pause clicked: 0""}"
debugEBR7DX:debugYB53MZ,6,1604952976756,"{""phase"": ""vidcheck"", ""status"": ""video ended""}"
debugEBR7DX:debugYB53MZ,7,1604952977255,"{""phase"": ""vidcheck"", ""status"": ""submit""}"
debug0Z6FRC:debug7ZBSAZ,0,1604953576833,"{""phase"": ""INSTRUCTIONS"", ""templates"": [""instruct-1.html""], ""action"": ""Begin""}"
debug0Z6FRC:debug7ZBSAZ,1,1604953578360,"{""phase"": ""INSTRUCTIONS"", ""indexOf"": 0, ""viewTime"": 1523, ""action"": ""FinishInstructions"", ""template"": ""instruct-1.html""}"
debug3P21HH:debug96RFCJ,0,1604953869289,"{""phase"": ""INSTRUCTIONS"", ""templates"": [""instruct-1.html""], ""action"": ""Begin""}"
debug3P21HH:debug96RFCJ,1,1604953992887,"{""phase"": ""INSTRUCTIONS"", ""indexOf"": 0, ""viewTime"": 123594, ""action"": ""FinishInstructions"", ""template"": ""instruct-1.html""}"
debug3P21HH:debug96RFCJ,2,1604953992897,"{""phase"": ""demoquestionnaire"", ""status"": ""begin""}"
debug3P21HH:debug96RFCJ,3,1604953998382,"{""phase"": ""demoquestionnaire"", ""status"": ""submit""}"
debug3P21HH:debug96RFCJ,4,1604953998394,"{""phase"": ""vidcheck"", ""status"": ""begin""}"
debug3P21HH:debug96RFCJ,5,1604954000097,"{""phase"": ""vidcheck"", ""status"": ""restart clicked: 0""}"
debug3P21HH:debug96RFCJ,6,1604954010682,"{""phase"": ""vidcheck"", ""status"": ""video ended""}"
debug3P21HH:debug96RFCJ,7,1604954011366,"{""phase"": ""vidcheck"", ""status"": ""submit""}"
debugNS5ESJ:debug3KAD4P,0,1605052994192,"{""phase"": ""INSTRUCTIONS"", ""templates"": [""instruct-1.html""], ""action"": ""Begin""}"
debugNS5ESJ:debug3KAD4P,1,1605052995767,"{""phase"": ""INSTRUCTIONS"", ""indexOf"": 0, ""viewTime"": 1571, ""action"": ""FinishInstructions"", ""template"": ""instruct-1.html""}"
debugNS5ESJ:debug3KAD4P,2,1605052995778,"{""phase"": ""demoquestionnaire"", ""status"": ""begin""}"
debugNS5ESJ:debug3KAD4P,3,1605053001201,"{""phase"": ""demoquestionnaire"", ""status"": ""submit""}"
debugNS5ESJ:debug3KAD4P,4,1605053001237,"{""phase"": ""vidcheck"", ""status"": ""begin""}"
debugNS5ESJ:debug3KAD4P,5,1605053004312,"{""phase"": ""vidcheck"", ""status"": ""play/pause clicked: 0""}"
debugNS5ESJ:debug3KAD4P,6,1605053014869,"{""phase"": ""vidcheck"", ""status"": ""video ended""}"
debugNS5ESJ:debug3KAD4P,7,1605053015632,"{""phase"": ""vidcheck"", ""status"": ""submit""}"
debug59I1VM:debugUVUGZM,0,1605053540439,"{""phase"": ""INSTRUCTIONS"", ""templates"": [""instruct-1.html""], ""action"": ""Begin""}"
debug59I1VM:debugUVUGZM,1,1605053547011,"{""phase"": ""INSTRUCTIONS"", ""indexOf"": 0, ""viewTime"": 6569, ""action"": ""FinishInstructions"", ""template"": ""instruct-1.html""}"
debug59I1VM:debugUVUGZM,2,1605053547019,"{""phase"": ""demoquestionnaire"", ""status"": ""begin""}"
debug59I1VM:debugUVUGZM,3,1605053551887,"{""phase"": ""demoquestionnaire"", ""status"": ""submit""}"
debug59I1VM:debugUVUGZM,4,1605053551898,"{""phase"": ""vidcheck"", ""status"": ""begin""}"
debug59I1VM:debugUVUGZM,5,1605053556490,"{""phase"": ""vidcheck"", ""status"": ""restart clicked: 0""}"
debug59I1VM:debugUVUGZM,6,1605053567056,"{""phase"": ""vidcheck"", ""status"": ""video ended""}"
debug59I1VM:debugUVUGZM,7,1605053567527,"{""phase"": ""vidcheck"", ""status"": ""submit""}"
debugT6V3HJ:debugWUZL5M,0,1605290572331,"{""phase"": ""INSTRUCTIONS"", ""templates"": [""instruct-1.html""], ""action"": ""Begin""}"
debugT6V3HJ:debugWUZL5M,1,1605290574122,"{""phase"": ""INSTRUCTIONS"", ""indexOf"": 0, ""viewTime"": 1787, ""action"": ""FinishInstructions"", ""template"": ""instruct-1.html""}"
debugT6V3HJ:debugWUZL5M,2,1605290574132,"{""phase"": ""demoquestionnaire"", ""status"": ""begin""}"
debugT6V3HJ:debugWUZL5M,3,1605290587295,"{""phase"": ""demoquestionnaire"", ""status"": ""submit""}"
debugT6V3HJ:debugWUZL5M,4,1605290587432,"{""phase"": ""vidcheck"", ""status"": ""begin""}"
debugT6V3HJ:debugWUZL5M,5,1605290590474,"{""phase"": ""vidcheck"", ""status"": ""play/pause clicked: 0""}"
debugT6V3HJ:debugWUZL5M,6,1605290601054,"{""phase"": ""vidcheck"", ""status"": ""video ended""}"
debugT6V3HJ:debugWUZL5M,7,1605290602106,"{""phase"": ""vidcheck"", ""status"": ""submit""}"
debug0IK9YS:debugD6YZFC,0,1605291474703,"{""phase"": ""INSTRUCTIONS"", ""templates"": [""instruct-1.html""], ""action"": ""Begin""}"
debug0IK9YS:debugD6YZFC,1,1605291475826,"{""phase"": ""INSTRUCTIONS"", ""indexOf"": 0, ""viewTime"": 1119, ""action"": ""FinishInstructions"", ""template"": ""instruct-1.html""}"
debug0IK9YS:debugD6YZFC,2,1605291475836,"{""phase"": ""demoquestionnaire"", ""status"": ""begin""}"
debug0IK9YS:debugD6YZFC,3,1605291480417,"{""phase"": ""demoquestionnaire"", ""status"": ""submit""}"
debug0IK9YS:debugD6YZFC,4,1605291480430,"{""phase"": ""vidcheck"", ""status"": ""begin""}"
debug0IK9YS:debugD6YZFC,5,1605291484111,"{""phase"": ""vidcheck"", ""status"": ""play/pause clicked: 0""}"
debug0IK9YS:debugD6YZFC,6,1605291494679,"{""phase"": ""vidcheck"", ""status"": ""video ended""}"
debug0IK9YS:debugD6YZFC,7,1605291496075,"{""phase"": ""vidcheck"", ""status"": ""submit""}"
debug59J2MR:debugYSADKX,0,1605292234005,"{""phase"": ""INSTRUCTIONS"", ""templates"": [""instruct-1.html""], ""action"": ""Begin""}"
debug59J2MR:debugYSADKX,1,1605292235294,"{""phase"": ""INSTRUCTIONS"", ""indexOf"": 0, ""viewTime"": 1284, ""action"": ""FinishInstructions"", ""template"": ""instruct-1.html""}"
debug59J2MR:debugYSADKX,2,1605292235306,"{""phase"": ""demoquestionnaire"", ""status"": ""begin""}"
debug59J2MR:debugYSADKX,3,1605292240183,"{""phase"": ""demoquestionnaire"", ""status"": ""submit""}"
debug59J2MR:debugYSADKX,4,1605292240197,"{""phase"": ""vidcheck"", ""status"": ""begin""}"
debug59J2MR:debugYSADKX,5,1605292241945,"{""phase"": ""vidcheck"", ""status"": ""play/pause clicked: 0""}"
debug59J2MR:debugYSADKX,6,1605292252526,"{""phase"": ""vidcheck"", ""status"": ""video ended""}"
debug59J2MR:debugYSADKX,7,1605292253647,"{""phase"": ""vidcheck"", ""status"": ""submit""}"
debug2G4DRB:debugICA6US,0,1605294136603,"{""phase"": ""INSTRUCTIONS"", ""templates"": [""instruct-1.html""], ""action"": ""Begin""}"
debug2G4DRB:debugICA6US,1,1605294137763,"{""phase"": ""INSTRUCTIONS"", ""indexOf"": 0, ""viewTime"": 1156, ""action"": ""FinishInstructions"", ""template"": ""instruct-1.html""}"
debug2G4DRB:debugICA6US,2,1605294137774,"{""phase"": ""demoquestionnaire"", ""status"": ""begin""}"
debug2G4DRB:debugICA6US,3,1605294142817,"{""phase"": ""demoquestionnaire"", ""status"": ""submit""}"
debug2G4DRB:debugICA6US,4,1605294142832,"{""phase"": ""vidcheck"", ""status"": ""begin""}"
debug2G4DRB:debugICA6US,5,1605294144827,"{""phase"": ""vidcheck"", ""status"": ""play/pause clicked: 0""}"
debug2G4DRB:debugICA6US,6,1605294155389,"{""phase"": ""vidcheck"", ""status"": ""video ended""}"
debug2G4DRB:debugICA6US,7,1605294155902,"{""phase"": ""vidcheck"", ""status"": ""submit""}"
debugDDQFPH:debug5YWPRZ,0,1605294620956,"{""phase"": ""INSTRUCTIONS"", ""templates"": [""instruct-1.html""], ""action"": ""Begin""}"
debugDDQFPH:debug5YWPRZ,1,1605294622314,"{""phase"": ""INSTRUCTIONS"", ""indexOf"": 0, ""viewTime"": 1354, ""action"": ""FinishInstructions"", ""template"": ""instruct-1.html""}"
debugDDQFPH:debug5YWPRZ,2,1605294622328,"{""phase"": ""demoquestionnaire"", ""status"": ""begin""}"
debugDDQFPH:debug5YWPRZ,3,1605294627619,"{""phase"": ""demoquestionnaire"", ""status"": ""submit""}"
debugDDQFPH:debug5YWPRZ,4,1605294627629,"{""phase"": ""vidcheck"", ""status"": ""begin""}"
debugDDQFPH:debug5YWPRZ,5,1605294629019,"{""phase"": ""vidcheck"", ""status"": ""play/pause clicked: 0""}"
debugDDQFPH:debug5YWPRZ,6,1605294639600,"{""phase"": ""vidcheck"", ""status"": ""video ended""}"
debugDDQFPH:debug5YWPRZ,7,1605294640102,"{""phase"": ""vidcheck"", ""status"": ""submit""}"
debugY8FWS8:debugEC8DV9,0,1605295322333,"{""phase"": ""INSTRUCTIONS"", ""templates"": [""instruct-1.html""], ""action"": ""Begin""}"
debugY8FWS8:debugEC8DV9,1,1605295323630,"{""phase"": ""INSTRUCTIONS"", ""indexOf"": 0, ""viewTime"": 1293, ""action"": ""FinishInstructions"", ""template"": ""instruct-1.html""}"
debugY8FWS8:debugEC8DV9,2,1605295323641,"{""phase"": ""demoquestionnaire"", ""status"": ""begin""}"
debugY8FWS8:debugEC8DV9,3,1605295327638,"{""phase"": ""demoquestionnaire"", ""status"": ""submit""}"
debugY8FWS8:debugEC8DV9,4,1605295327653,"{""phase"": ""vidcheck"", ""status"": ""begin""}"
debugY8FWS8:debugEC8DV9,5,1605295328977,"{""phase"": ""vidcheck"", ""status"": ""play/pause clicked: 0""}"
debugY8FWS8:debugEC8DV9,6,1605295339530,"{""phase"": ""vidcheck"", ""status"": ""video ended""}"
debugY8FWS8:debugEC8DV9,7,1605295340039,"{""phase"": ""vidcheck"", ""status"": ""submit""}"
debugHCCUDB:debugFG8KTA,0,1605296023834,"{""phase"": ""INSTRUCTIONS"", ""templates"": [""instruct-1.html""], ""action"": ""Begin""}"
debugHCCUDB:debugFG8KTA,1,1605296025302,"{""phase"": ""INSTRUCTIONS"", ""indexOf"": 0, ""viewTime"": 1462, ""action"": ""FinishInstructions"", ""template"": ""instruct-1.html""}"
debugHCCUDB:debugFG8KTA,2,1605296025311,"{""phase"": ""demoquestionnaire"", ""status"": ""begin""}"
debugHCCUDB:debugFG8KTA,3,1605296030277,"{""phase"": ""demoquestionnaire"", ""status"": ""submit""}"
debugHCCUDB:debugFG8KTA,4,1605296030287,"{""phase"": ""vidcheck"", ""status"": ""begin""}"
debugHCCUDB:debugFG8KTA,5,1605296037879,"{""phase"": ""vidcheck"", ""status"": ""play/pause clicked: 0""}"
debugHCCUDB:debugFG8KTA,6,1605296038997,"{""phase"": ""vidcheck"", ""status"": ""play/pause clicked: 1""}"
debugHCCUDB:debugFG8KTA,7,1605296041556,"{""phase"": ""vidcheck"", ""status"": ""play/pause clicked: 2""}"
debugHCCUDB:debugFG8KTA,8,1605296050990,"{""phase"": ""vidcheck"", ""status"": ""video ended""}"
debugHCCUDB:debugFG8KTA,9,1605296051792,"{""phase"": ""vidcheck"", ""status"": ""submit""}"
debugHLE0XY:debug2QXYR3,0,1605296792191,"{""phase"": ""INSTRUCTIONS"", ""templates"": [""instruct-1.html""], ""action"": ""Begin""}"
debugHLE0XY:debug2QXYR3,1,1605296793482,"{""phase"": ""INSTRUCTIONS"", ""indexOf"": 0, ""viewTime"": 1287, ""action"": ""FinishInstructions"", ""template"": ""instruct-1.html""}"
debugHLE0XY:debug2QXYR3,2,1605296793492,"{""phase"": ""demoquestionnaire"", ""status"": ""begin""}"
debugHLE0XY:debug2QXYR3,3,1605296797947,"{""phase"": ""demoquestionnaire"", ""status"": ""submit""}"
debugHLE0XY:debug2QXYR3,4,1605296797958,"{""phase"": ""vidcheck"", ""status"": ""begin""}"
debugHLE0XY:debug2QXYR3,5,1605296799407,"{""phase"": ""vidcheck"", ""status"": ""play/pause clicked: 0""}"
debugHLE0XY:debug2QXYR3,6,1605296809972,"{""phase"": ""vidcheck"", ""status"": ""video ended""}"
debugHLE0XY:debug2QXYR3,7,1605296810541,"{""phase"": ""vidcheck"", ""status"": ""submit""}"
debugA2415U:debugIHWR3T,0,1605297161914,"{""phase"": ""INSTRUCTIONS"", ""templates"": [""instruct-1.html""], ""action"": ""Begin""}"
debugA2415U:debugIHWR3T,1,1605297163244,"{""phase"": ""INSTRUCTIONS"", ""indexOf"": 0, ""viewTime"": 1326, ""action"": ""FinishInstructions"", ""template"": ""instruct-1.html""}"
debugA2415U:debugIHWR3T,2,1605297163259,"{""phase"": ""demoquestionnaire"", ""status"": ""begin""}"
debugA2415U:debugIHWR3T,3,1605297167763,"{""phase"": ""demoquestionnaire"", ""status"": ""submit""}"
debugA2415U:debugIHWR3T,4,1605297167772,"{""phase"": ""vidcheck"", ""status"": ""begin""}"
debugA2415U:debugIHWR3T,5,1605297168991,"{""phase"": ""vidcheck"", ""status"": ""play/pause clicked: 0""}"
debugA2415U:debugIHWR3T,6,1605297179566,"{""phase"": ""vidcheck"", ""status"": ""video ended""}"
debugA2415U:debugIHWR3T,7,1605297180251,"{""phase"": ""vidcheck"", ""status"": ""submit""}"
debugIDRLAQ:debugJ82OK9,0,1605299836510,"{""phase"": ""INSTRUCTIONS"", ""templates"": [""instruct-1.html""], ""action"": ""Begin""}"
debugIDRLAQ:debugJ82OK9,1,1605299837586,"{""phase"": ""INSTRUCTIONS"", ""indexOf"": 0, ""viewTime"": 1072, ""action"": ""FinishInstructions"", ""template"": ""instruct-1.html""}"
debugIDRLAQ:debugJ82OK9,2,1605299837599,"{""phase"": ""demoquestionnaire"", ""status"": ""begin""}"
debugIDRLAQ:debugJ82OK9,3,1605299841745,"{""phase"": ""demoquestionnaire"", ""status"": ""submit""}"
debugIDRLAQ:debugJ82OK9,4,1605299841759,"{""phase"": ""vidcheck"", ""status"": ""begin""}"
debugIDRLAQ:debugJ82OK9,5,1605299843483,"{""phase"": ""vidcheck"", ""status"": ""play/pause clicked: 0""}"
debugIDRLAQ:debugJ82OK9,6,1605299854053,"{""phase"": ""vidcheck"", ""status"": ""video ended""}"
debugIDRLAQ:debugJ82OK9,7,1605299854754,"{""phase"": ""vidcheck"", ""status"": ""submit""}"
debug30P5XK:debugK5SI4Q,0,1605300712816,"{""phase"": ""INSTRUCTIONS"", ""templates"": [""instruct-1.html""], ""action"": ""Begin""}"
debug30P5XK:debugK5SI4Q,1,1605300714673,"{""phase"": ""INSTRUCTIONS"", ""indexOf"": 0, ""viewTime"": 1852, ""action"": ""FinishInstructions"", ""template"": ""instruct-1.html""}"
debug30P5XK:debugK5SI4Q,2,1605300714686,"{""phase"": ""demoquestionnaire"", ""status"": ""begin""}"
debug30P5XK:debugK5SI4Q,3,1605300718997,"{""phase"": ""demoquestionnaire"", ""status"": ""submit""}"
debug30P5XK:debugK5SI4Q,4,1605300719010,"{""phase"": ""vidcheck"", ""status"": ""begin""}"
debug30P5XK:debugK5SI4Q,5,1605300721026,"{""phase"": ""vidcheck"", ""status"": ""play/pause clicked: 0""}"
debug30P5XK:debugK5SI4Q,6,1605300731588,"{""phase"": ""vidcheck"", ""status"": ""video ended""}"
debug30P5XK:debugK5SI4Q,7,1605300732048,"{""phase"": ""vidcheck"", ""status"": ""submit""}"
debug8K6DSR:debugWC0WOL,0,1605301975588,"{""phase"": ""INSTRUCTIONS"", ""templates"": [""instruct-1.html""], ""action"": ""Begin""}"
debug8K6DSR:debugWC0WOL,1,1605301976660,"{""phase"": ""INSTRUCTIONS"", ""indexOf"": 0, ""viewTime"": 1067, ""action"": ""FinishInstructions"", ""template"": ""instruct-1.html""}"
debug8K6DSR:debugWC0WOL,2,1605301976671,"{""phase"": ""demoquestionnaire"", ""status"": ""begin""}"
debug8K6DSR:debugWC0WOL,3,1605301982634,"{""phase"": ""demoquestionnaire"", ""status"": ""submit""}"
debug8K6DSR:debugWC0WOL,4,1605301982646,"{""phase"": ""vidcheck"", ""status"": ""begin""}"
debug8K6DSR:debugWC0WOL,5,1605301984027,"{""phase"": ""vidcheck"", ""status"": ""play/pause clicked: 0""}"
debug8K6DSR:debugWC0WOL,6,1605301994592,"{""phase"": ""vidcheck"", ""status"": ""video ended""}"
debug8K6DSR:debugWC0WOL,7,1605301996163,"{""phase"": ""vidcheck"", ""status"": ""submit""}"
debugLTNYKH:debugQRWREX,0,1605303584706,"{""phase"": ""INSTRUCTIONS"", ""templates"": [""instruct-1.html""], ""action"": ""Begin""}"
debugLTNYKH:debugQRWREX,1,1605303586189,"{""phase"": ""INSTRUCTIONS"", ""indexOf"": 0, ""viewTime"": 1480, ""action"": ""FinishInstructions"", ""template"": ""instruct-1.html""}"
debugLTNYKH:debugQRWREX,2,1605303586221,"{""phase"": ""demoquestionnaire"", ""status"": ""begin""}"
debugLTNYKH:debugQRWREX,3,1605303590479,"{""phase"": ""demoquestionnaire"", ""status"": ""submit""}"
debug08ZW3G:debugVE76RE,0,1605303653644,"{""phase"": ""INSTRUCTIONS"", ""templates"": [""instruct-1.html""], ""action"": ""Begin""}"
debug08ZW3G:debugVE76RE,1,1605303654912,"{""phase"": ""INSTRUCTIONS"", ""indexOf"": 0, ""viewTime"": 1264, ""action"": ""FinishInstructions"", ""template"": ""instruct-1.html""}"
debug08ZW3G:debugVE76RE,2,1605303654924,"{""phase"": ""demoquestionnaire"", ""status"": ""begin""}"
debug08ZW3G:debugVE76RE,3,1605303660480,"{""phase"": ""demoquestionnaire"", ""status"": ""submit""}"
debug08ZW3G:debugVE76RE,4,1605303660488,"{""phase"": ""vidcheck"", ""status"": ""begin""}"
debug08ZW3G:debugVE76RE,5,1605303662181,"{""phase"": ""vidcheck"", ""status"": ""play/pause clicked: 0""}"
debug08ZW3G:debugVE76RE,6,1605303672752,"{""phase"": ""vidcheck"", ""status"": ""video ended""}"
debug08ZW3G:debugVE76RE,7,1605303673606,"{""phase"": ""vidcheck"", ""status"": ""submit""}"
debug2XLOUS:debug43C3CS,0,1605303917747,"{""phase"": ""INSTRUCTIONS"", ""templates"": [""instruct-1.html""], ""action"": ""Begin""}"
debug2XLOUS:debug43C3CS,1,1605303919108,"{""phase"": ""INSTRUCTIONS"", ""indexOf"": 0, ""viewTime"": 1358, ""action"": ""FinishInstructions"", ""template"": ""instruct-1.html""}"
debug2XLOUS:debug43C3CS,2,1605303919127,"{""phase"": ""demoquestionnaire"", ""status"": ""begin""}"
debug2XLOUS:debug43C3CS,3,1605303923313,"{""phase"": ""demoquestionnaire"", ""status"": ""submit""}"
debug2XLOUS:debug43C3CS,4,1605303923325,"{""phase"": ""vidcheck"", ""status"": ""begin""}"
debug2XLOUS:debug43C3CS,5,1605303925877,"{""phase"": ""vidcheck"", ""status"": ""play/pause clicked: 0""}"
debug2XLOUS:debug43C3CS,6,1605303936444,"{""phase"": ""vidcheck"", ""status"": ""video ended""}"
debug2XLOUS:debug43C3CS,7,1605303937432,"{""phase"": ""vidcheck"", ""status"": ""submit""}"
debug6RC9OR:debugKJQRX6,0,1605304374667,"{""phase"": ""INSTRUCTIONS"", ""templates"": [""instruct-1.html""], ""action"": ""Begin""}"
debug6RC9OR:debugKJQRX6,1,1605304375745,"{""phase"": ""INSTRUCTIONS"", ""indexOf"": 0, ""viewTime"": 1074, ""action"": ""FinishInstructions"", ""template"": ""instruct-1.html""}"
debug6RC9OR:debugKJQRX6,2,1605304375755,"{""phase"": ""demoquestionnaire"", ""status"": ""begin""}"
debug6RC9OR:debugKJQRX6,3,1605304380255,"{""phase"": ""demoquestionnaire"", ""status"": ""submit""}"
debug6RC9OR:debugKJQRX6,4,1605304380269,"{""phase"": ""vidcheck"", ""status"": ""begin""}"
debug6RC9OR:debugKJQRX6,5,1605304381619,"{""phase"": ""vidcheck"", ""status"": ""play/pause clicked: 0""}"
debug6RC9OR:debugKJQRX6,6,1605304392192,"{""phase"": ""vidcheck"", ""status"": ""video ended""}"
debug6RC9OR:debugKJQRX6,7,1605304393062,"{""phase"": ""vidcheck"", ""status"": ""submit""}"
debug9D5JTC:debug1L8V63,0,1605305087933,"{""phase"": ""INSTRUCTIONS"", ""templates"": [""instruct-1.html""], ""action"": ""Begin""}"
debug9D5JTC:debug1L8V63,1,1605305089134,"{""phase"": ""INSTRUCTIONS"", ""indexOf"": 0, ""viewTime"": 1198, ""action"": ""FinishInstructions"", ""template"": ""instruct-1.html""}"
debug9D5JTC:debug1L8V63,2,1605305089149,"{""phase"": ""demoquestionnaire"", ""status"": ""begin""}"
debug9D5JTC:debug1L8V63,3,1605305095355,"{""phase"": ""demoquestionnaire"", ""status"": ""submit""}"
debug9D5JTC:debug1L8V63,4,1605305095366,"{""phase"": ""vidcheck"", ""status"": ""begin""}"
debug9D5JTC:debug1L8V63,5,1605305096566,"{""phase"": ""vidcheck"", ""status"": ""play/pause clicked: 0""}"
debug9D5JTC:debug1L8V63,6,1605305107121,"{""phase"": ""vidcheck"", ""status"": ""video ended""}"
debug9D5JTC:debug1L8V63,7,1605305107747,"{""phase"": ""vidcheck"", ""status"": ""submit""}"
debug019X2V:debugLSEONV,0,1605305885540,"{""phase"": ""INSTRUCTIONS"", ""templates"": [""instruct-1.html""], ""action"": ""Begin""}"
debug019X2V:debugLSEONV,1,1605305890738,"{""phase"": ""INSTRUCTIONS"", ""indexOf"": 0, ""viewTime"": 5194, ""action"": ""FinishInstructions"", ""template"": ""instruct-1.html""}"
debug019X2V:debugLSEONV,2,1605305890747,"{""phase"": ""demoquestionnaire"", ""status"": ""begin""}"
debug019X2V:debugLSEONV,3,1605305895640,"{""phase"": ""demoquestionnaire"", ""status"": ""submit""}"
debug019X2V:debugLSEONV,4,1605305895650,"{""phase"": ""vidcheck"", ""status"": ""begin""}"
debug019X2V:debugLSEONV,5,1605305897234,"{""phase"": ""vidcheck"", ""status"": ""play/pause clicked: 0""}"
debug019X2V:debugLSEONV,6,1605305907816,"{""phase"": ""vidcheck"", ""status"": ""video ended""}"
debug019X2V:debugLSEONV,7,1605305908320,"{""phase"": ""vidcheck"", ""status"": ""submit""}"
debugUDWQTD:debugKRATYZ,0,1605306209407,"{""phase"": ""INSTRUCTIONS"", ""templates"": [""instruct-1.html""], ""action"": ""Begin""}"
debugUDWQTD:debugKRATYZ,1,1605306211009,"{""phase"": ""INSTRUCTIONS"", ""indexOf"": 0, ""viewTime"": 1599, ""action"": ""FinishInstructions"", ""template"": ""instruct-1.html""}"
debugUDWQTD:debugKRATYZ,2,1605306211021,"{""phase"": ""demoquestionnaire"", ""status"": ""begin""}"
debugUDWQTD:debugKRATYZ,3,1605306216336,"{""phase"": ""demoquestionnaire"", ""status"": ""submit""}"
debugUDWQTD:debugKRATYZ,4,1605306216347,"{""phase"": ""vidcheck"", ""status"": ""begin""}"
debugUDWQTD:debugKRATYZ,5,1605306217730,"{""phase"": ""vidcheck"", ""status"": ""play/pause clicked: 0""}"
debugUDWQTD:debugKRATYZ,6,1605306228292,"{""phase"": ""vidcheck"", ""status"": ""video ended""}"
debugUDWQTD:debugKRATYZ,7,1605306234783,"{""phase"": ""vidcheck"", ""status"": ""submit""}"
debugUDWQTD:debugKRATYZ,8,1605306234796,"{""phase"": ""intro_video"", ""status"": ""begin""}"
debugUDWQTD:debugKRATYZ,9,1605306236242,"{""phase"": ""intro_video"", ""status"": ""play/pause clicked: 0""}"
debugUDWQTD:debugKRATYZ,10,1605306290907,"{""phase"": ""intro_video"", ""status"": ""video ended""}"
debugUDWQTD:debugKRATYZ,11,1605306291383,"{""phase"": ""intro_video"", ""status"": ""submit""}"
debugUDWQTD:debugKRATYZ,12,1605306291388,"{""phase"": ""pretest"", ""status"": ""begin""}"
debugUDWQTD:debugKRATYZ,13,1605306307358,"{""phase"": ""pretest"", ""status"": ""submit""}"
debugUDWQTD:debugKRATYZ,14,1605306307364,"{""phase"": ""command_video"", ""status"": ""begin""}"
debugUDWQTD:debugKRATYZ,15,1605306308455,"{""phase"": ""command_video"", ""status"": ""play/pause clicked: 0""}"
debugUDWQTD:debugKRATYZ,16,1605306321408,"{""phase"": ""command_video"", ""status"": ""video ended""}"
debugUDWQTD:debugKRATYZ,17,1605306321852,"{""phase"": ""command_video"", ""status"": ""submit""}"
debugUDWQTD:debugKRATYZ,18,1605306321853,"{""phase"": ""questions"", ""status"": ""begin""}"
debugUDWQTD:debugKRATYZ,19,1605306324304,"{""phase"": ""questions_/static/videos/withgesture"", ""status"": ""submit""}"
debugUDWQTD:debugKRATYZ,20,1605306324309,"{""phase"": ""response_video"", ""status"": ""begin""}"
debugUDWQTD:debugKRATYZ,21,1605306325330,"{""phase"": ""response_video"", ""status"": ""play/pause clicked: 0""}"
debugUDWQTD:debugKRATYZ,22,1605306334540,"{""phase"": ""response_video"", ""status"": ""video ended""}"
debugUDWQTD:debugKRATYZ,23,1605306335104,"{""phase"": ""response_video"", ""status"": ""submit""}"
debugUDWQTD:debugKRATYZ,24,1605306335107,"{""phase"": ""questions"", ""status"": ""begin""}"
debugUDWQTD:debugKRATYZ,25,1605306337053,"{""phase"": ""checkquestion"", ""status"": ""begin""}"
debugUDWQTD:debugKRATYZ,26,1605306340647,"{""phase"": ""checkquestion"", ""status"": ""submit""}"
